{
    "account" : "#7F8DE1",
    "action_list_component" : "#5876A2",
    "actions_and_buttons" : "#F2B85C",
    "activations" : "#b773df",
    "address" : "#00c07d",
    "agent_session" : "#EE8961",
    "all": "#54698D",
    "announcement" : "#62B7ED",
    "answer_best": "#F2CF5B",
    "answer_private" : "#F2CF5B",
    "answer_public": "#F2CF5B",
    "apex_plugin": "#54698D",
    "apex" : "#54698D",
    "app": "#F2B85C",
    "approval" : "#5BCC7A",
    "apps_admin": "#9895EE",
    "apps": "#4B97DD",
    "article": "#F2CF5B",
    "asset_action_source": "#387A92",
    "asset_action":"#387A92",
    "asset_downtime_period": "#387A92",
    "asset_object":"#387A92",
    "asset_relationship":"#EF965C",
    "asset_state_period":"#387A92",
    "assigned_resource":"#55C173",
    "assignment":"#EF993D",
    "avatar_loading":"#B8C2CE",
    "avatar": "#61B7ED",
    "bot_training":"#5876A3",
    "bot":"#54698F",
    "branch_merge":"#E9696E",
    "brand":"#7E8AE4",
    "business_hours":"#7DC37D",
    "buyer_account":"#38844A",
    "buyer_group":"#38844A",
    "calibration":"#61CFD2",
    "call_coaching":"#4B97DD",
    "call_history":"#F2CF5B",
    "call":"#F2CF5B",
    "campaign_members":"#EF9656",
    "campaign":"#EF9656",
    "cancel_checkout":"#969492",
    "canvas":"#8099AF",
    "carousel":"#6BBD6E",
    "case_change_status":"#F2CF5B",
    "case_comment":"#F2CF5B",
    "case_email":"#F2CF5B",
    "case_log_a_call":"#F2CF5B",
    "case_milestone":"#F2CF5B",
    "case_transcript":"#F2CF5B",
    "case_wrap_up":"#F2CF5B",
    "case":"#F2CF5B",
    "catalog":"#357E45",
    "category":"#357E45",
    "channel_program_history":"#51B58A",
    "channel_program_levels":"#51B58A",
    "channel_program_members":"#51B58A",
    "channel_programs":"#51B58A",
    "charts":"#5BCAA0",
    "choice":"#54698D",
    "client":"#61D3BD",
    "cms":"#88C651",
    "coaching":"#ED7494",
    "code_playground":"#54698D",
    "collection_variable":"#54698D",
    "connected_apps":"#9895EE",
    "constant":"#54698D",
    "contact_list":"#A094ED",
    "contact_request":"#EE8855",
    "contact":"#A094ED",
    "contract_line_item":"#6EC06E",
    "contract":"#6EC06E",
    "currency_input":"#969492",
    "currency":"#969492",
    "custom_notification":"#6AB7E4",
    "custom":"#8099AF",
    "customer_360":"#152F61",
    "customer_lifecycle_analytics":"#9273DF",
    "customer_portal_users":"#4B97DB",
    "customers":"#51B58A",
    "dashboard_ea":"#7E8AE4",
    "dashboard":"#EC6E63",
    "data_integration_hub":"#36729D",
    "data_model":"#EB6F92",
    "data_streams":"#EC6E63",
    "datadotcom":"#4789EE",
    "dataset":"#B070E6",
    "date_input":"#969492",
    "date_time":"#969492",
    "decision":"#EF993D",
    "default":"#8099AF",
    "delegated_account":"#38844A",
    "display_rich_text":"#969492",
    "display_text":"#969492",
    "document":"#BAAC93",
    "drafts":"#6CA0E9",
    "dynamic_record_choice":"#54698D",
    "education":"#4B97DD",
    "einstein_replies":"#EE8865",
    "email_chatter":"#F2CF5B",
    "email":"#95AEC5",
    "employee_asset":"#4FA1E0",
    "employee_contact":"#4FA1E0",
    "employee_job_position":"#4FA1E0",
    "employee_job":"#4FA1E0",
    "employee_organization":"#4FA1E0",
    "employee":"#4FA1E0",
    "empty":"#8099AF",
    "endorsement":"#8B9AE3",
    "entitlement_policy":"#38844A",
    "entitlement_process":"#7E8AE4",
    "entitlement_template":"#7E8AE4",
    "entitlement":"#7E8AE4",
    "entity_milestone":"#EF9656",
    "entity":"#EE8862",
    "environment_hub":"#54698D",
    "event":"#EB6F92",
    "events":"#4B97DB",
    "expense_report_entry":"#3A3180",
    "expense_report":"#3A3180",
    "expense":"#3A3180",
    "feed":"#61B7ED",
    "feedback":"#6DA0E9",
    "file":"#6DA0E9",
    "filter":"#3039EE",
    "first_non_empty":"#E9696E",
    "flow":"#3C79BC",
    "folder":"#8B9AE3",
    "forecasts":"#6BBD6E",
    "formula":"#54698D",
    "fufillment_order":"#B9AC91",
    "generic_loading":"#B8C3CE",
    "global_constant":"#54698D",
    "goals":"#56AADE",
    "group_loading":"#B8C2CE",
    "groups":"#779EF2",
    "hierarchy":"#59BECD",
    "high_velocity_sales":"#60CFC8",
    "home":"#EE7EAD",
    "household":"#50B09F",
    "individual":"#4B97DD",
    "insights":"#EC94ED",
    "instore_locations":"#54698D",
    "investiment_account":"#55C076",
    "invocable_action":"#54698D",
    "iot_context":"#36729D",
    "iot_orchestration":"#36729D",
    "javascript_button":"#F2B85B",
    "job_family":"#4FA1E0",
    "job_position":"#4FA1E0",
    "job_profile":"#EB6F92",
    "kanban":"#4B97DD",
    "knowledge":"#EC94ED",
    "load_insights":"#55B0E6",
    "lead_list":"#EE8862",
    "lead":"#EE8862",
    "letterhead":"#4B97DD",
    "lightning_component":"#969492",
    "lightning_usage":"#7E8AE4",
    "link":"#7A9AE6",
    "list_email":"#8BAEB5",
    "live_chat_visitor":"#EE8961",
    "live_chat":"#EE8961",
    "location":"#55C076",
    "log_a_call":"#5BC3CC",
    "logging":"#4FA2DF",
    "loop":"#EF993D",
    "macros":"#61CFD2",
    "maintenance_asset":"#36729D",
    "maintenance_plan":"#36729D",
    "marketing_actions":"#6BBD6E",
    "merge":"#F2CF5B",
    "messaging_onversation":"#59BECD",
    "messaging_session":"#59BECD",
    "messaging_user":"#59BECD",
    "metrics":"#56AADE",
    "multi_picklist":"#969492",
    "multi_select_checkbox":"#969492",
    "news":"#7F8DE1",
    "note":"#E6D478",
    "number_input":"#969492",
    "omni_supervisor":"#8A76F0",
    "operating_hours":"#8A76F0",
    "opportunity_contact_role":"#8A76F0",
    "opportunity_splits":"#F2B85B",
    "opportunity":"#F2B85B",
    "order_item":"#759DD3",
    "orders":"#769ED9",
    "autcome":"#EF993D",
    "output":"#499CBA",
    "partner_fund_allocation":"#51B58A",
    "partner_fund_claim":"#51B58A",
    "partner_fund_request":"#51B58A",
    "partner_marketing_budget":"#51B58A",
    "partners":"#51B58A",
    "password":"#969492",
    "past_chat":"#EE8961",
    "people":"#59BECD",
    "performance":"#F2B156",
    "person_account":"#7F8DE1",
    "photo":"#D7D1D1",
    "picklist_choice":"#54698D",
    "picklist_type":"#969492",
    "planogram":"#4B97DD",
    "poli":"#699BE1",
    "portal_roles_and_subordinates":"#7A9AE6",
    "portal_roles":"#EE8851",
    "portal":"#AEC76F",
    "post":"#64CAE4",
    "priebook":"#B781D3",
    "process":"#3C79BC",
    "product_consumed":"#55BC9C",
    "product_item_transaction":"#EE8862",
    "product_item":"#769ED9",
    "product_request_line_item":"#88C651",
    "product_request":"#88C651",
    "product_required":"#EC6E63",
    "product_transfer":"#EE8862",
    "product":"#B781D3",
    "proposition":"#4B97DD",
    "question_best":"#F2CF5B",
    "question_feed":"#F2CF5B",
    "queue":"#54698D",
    "quick_text":"#62B7E5",
    "quip_sheet":"#58C859",
    "quip":"#D3451C",
    "quotes":"#88C651",
    "radio_button":"#969492",
    "read_receapts":"#55C076",
    "recent":"#6CA0E9",
    "record_create":"#EB6F92",
    "record_delete":"#EB6F92"
}